{
  "verdict": "PHASE ALSO HIDDEN/FORGOTTEN in this finite-observer regime",
  "phase_bound_violations": 0,
  "phase_memory_bound_violations": 0,
  "phase_entropy_bound_violations": 0,
  "zero_error_phase_entropy_bound_violations": 0,
  "mean_phase_mi_over_entropy": 0.055652795942980504,
  "mean_phase_capacity_over_entropy": 0.06461368767802604,
  "mean_phase_capacity_over_volume": 0.040951369548263804,
  "mean_phase_capacity_over_bulk_capacity": 0.13363553624484123,
  "mean_cut_phase_mi_over_entropy": 0.017162864550764746,
  "mean_erased_value_phase_mi_over_entropy": 0.09932931383485655,
  "scaling": [
    {
      "phase_mode": "cut",
      "phase_protocol": "first",
      "kA": 3,
      "w": 1,
      "horizon": 1,
      "phase_capacity_by_kB": {
        "2": 0.0,
        "3": 0.012045677076809222,
        "4": 0.006378263484264943
      },
      "phase_mi_by_kB": {
        "2": 0.0,
        "3": 0.00981870020674141,
        "4": 0.004277696288706739
      },
      "phase_zero_error_by_kB": {
        "2": 0.0,
        "3": 0.0,
        "4": 0.0
      },
      "phase_entropy_by_kB": {
        "2": 1.0,
        "3": 1.584962500721156,
        "4": 2.0
      },
      "bulk_capacity_by_kB": {
        "2": 0.46527333295910733,
        "3": 0.9421026412349276,
        "4": 0.9536556192578379
      },
      "logRec_by_kB": {
        "2": 0.9745926548164837,
        "3": 4.382022830248369,
        "4": 6.124349277360396
      },
      "phase_capacity_growth_over_volume_growth": 0.0012385562953291889
    },
    {
      "phase_mode": "cut",
      "phase_protocol": "first",
      "kA": 3,
      "w": 1,
      "horizon": 3,
      "phase_capacity_by_kB": {
        "2": 0.006750901792370277,
        "3": 0.00762587797368232,
        "4": 0.004622623578479107
      },
      "phase_mi_by_kB": {
        "2": 0.006742856493142142,
        "3": 0.006650327197284684,
        "4": 0.0036606641672502376
      },
      "phase_zero_error_by_kB": {
        "2": 0.0,
        "3": 0.0,
        "4": 0.0
      },
      "phase_entropy_by_kB": {
        "2": 1.0,
        "3": 1.584962500721156,
        "4": 2.0
      },
      "bulk_capacity_by_kB": {
        "2": 0.2240777282895686,
        "3": 0.39490750165210187,
        "4": 0.4455139763430663
      },
      "logRec_by_kB": {
        "2": 0.9745926548164837,
        "3": 4.382022830248369,
        "4": 6.124349277360396
      },
      "phase_capacity_growth_over_volume_growth": -0.0004132774361751933
    },
    {
      "phase_mode": "cut",
      "phase_protocol": "first",
      "kA": 3,
      "w": 1,
      "horizon": 6,
      "phase_capacity_by_kB": {
        "2": 0.00015310958818068657,
        "3": 0.0008170548426467942,
        "4": 0.0009892000950999437
      },
      "phase_mi_by_kB": {
        "2": 0.0001531072048740945,
        "3": 0.0006992721458702724,
        "4": 0.0007073955501741343
      },
      "phase_zero_error_by_kB": {
        "2": 0.0,
        "3": 0.0,
        "4": 0.0
      },
      "phase_entropy_by_kB": {
        "2": 1.0,
        "3": 1.584962500721156,
        "4": 2.0
      },
      "bulk_capacity_by_kB": {
        "2": 0.20231699962178604,
        "3": 0.2638905122891845,
        "4": 0.31202621755377125
      },
      "logRec_by_kB": {
        "2": 0.9745926548164837,
        "3": 4.382022830248369,
        "4": 6.124349277360396
      },
      "phase_capacity_growth_over_volume_growth": 0.00016235534379608013
    },
    {
      "phase_mode": "cut",
      "phase_protocol": "first",
      "kA": 3,
      "w": 2,
      "horizon": 1,
      "phase_capacity_by_kB": {
        "2": 0.10438683999664145,
        "3": 0.11077435422789479,
        "4": 0.04466745533511427
      },
      "phase_mi_by_kB": {
        "2": 0.10419638428314917,
        "3": 0.09162267849058589,
        "4": 0.0299672016952749
      },
      "phase_zero_error_by_kB": {
        "2": 0.0,
        "3": 0.0,
        "4": 0.0
      },
      "phase_entropy_by_kB": {
        "2": 1.0,
        "3": 1.584962500721156,
        "4": 2.0
      },
      "bulk_capacity_by_kB": {
        "2": 0.5508661629240257,
        "3": 1.3113539014723905,
        "4": 1.2878906412882138
      },
      "logRec_by_kB": {
        "2": 1.127537339269162,
        "3": 4.340289695587088,
        "4": 6.054446268269772
      },
      "phase_capacity_growth_over_volume_growth": -0.012121065260615817
    },
    {
      "phase_mode": "cut",
      "phase_protocol": "first",
      "kA": 3,
      "w": 2,
      "horizon": 3,
      "phase_capacity_by_kB": {
        "2": 0.008669204665137344,
        "3": 0.009537883592994116,
        "4": 0.005472764289203866
      },
      "phase_mi_by_kB": {
        "2": 0.00864329905210812,
        "3": 0.009019733450446495,
        "4": 0.004472630372227273
      },
      "phase_zero_error_by_kB": {
        "2": 0.0,
        "3": 0.0,
        "4": 0.0
      },
      "phase_entropy_by_kB": {
        "2": 1.0,
        "3": 1.584962500721156,
        "4": 2.0
      },
      "bulk_capacity_by_kB": {
        "2": 0.29479323047522077,
        "3": 0.5470256871195464,
        "4": 0.45870471268957785
      },
      "logRec_by_kB": {
        "2": 1.127537339269162,
        "3": 4.340289695587088,
        "4": 6.054446268269772
      },
      "phase_capacity_growth_over_volume_growth": -0.0006487719627043836
    },
    {
      "phase_mode": "cut",
      "phase_protocol": "first",
      "kA": 3,
      "w": 2,
      "horizon": 6,
      "phase_capacity_by_kB": {
        "2": 0.00013428913281149417,
        "3": 0.001721711158175724,
        "4": 0.000568479788538151
      },
      "phase_mi_by_kB": {
        "2": 0.00013424327016438786,
        "3": 0.0014059489217403205,
        "4": 0.00045861696349178035
      },
      "phase_zero_error_by_kB": {
        "2": 0.0,
        "3": 0.0,
        "4": 0.0
      },
      "phase_entropy_by_kB": {
        "2": 1.0,
        "3": 1.584962500721156,
        "4": 2.0
      },
      "bulk_capacity_by_kB": {
        "2": 0.2186090489542795,
        "3": 0.42069928035641746,
        "4": 0.28264524646090194
      },
      "logRec_by_kB": {
        "2": 1.127537339269162,
        "3": 4.340289695587088,
        "4": 6.054446268269772
      },
      "phase_capacity_growth_over_volume_growth": 8.81263814662654e-05
    },
    {
      "phase_mode": "cut",
      "phase_protocol": "first",
      "kA": 3,
      "w": 3,
      "horizon": 1,
      "phase_capacity_by_kB": {
        "3": 0.22072436178720709,
        "4": 0.1420229008631569
      },
      "phase_mi_by_kB": {
        "3": 0.20905459669689713,
        "4": 0.10372975300934333
      },
      "phase_zero_error_by_kB": {
        "3": 0.0,
        "4": 0.0
      },
      "phase_entropy_by_kB": {
        "3": 1.584962500721156,
        "4": 2.0
      },
      "bulk_capacity_by_kB": {
        "3": 1.5859435470359586,
        "4": 1.5188748217694685
      },
      "logRec_by_kB": {
        "3": 4.25568078945986,
        "4": 5.493932750645909
      },
      "phase_capacity_growth_over_volume_growth": -0.0635585190987032
    },
    {
      "phase_mode": "cut",
      "phase_protocol": "first",
      "kA": 3,
      "w": 3,
      "horizon": 3,
      "phase_capacity_by_kB": {
        "3": 0.010643624156952525,
        "4": 0.008747960479078491
      },
      "phase_mi_by_kB": {
        "3": 0.0101281694769367,
        "4": 0.006541507061690632
      },
      "phase_zero_error_by_kB": {
        "3": 0.0,
        "4": 0.0
      },
      "phase_entropy_by_kB": {
        "3": 1.584962500721156,
        "4": 2.0
      },
      "bulk_capacity_by_kB": {
        "3": 0.6127730874445834,
        "4": 0.5665881679791
      },
      "logRec_by_kB": {
        "3": 4.25568078945986,