{
  "verdict": "RULE-SELECTION SIGNAL: nonrandom rule structure supports nontrivial interface equalizers while random rules do not",
  "equalizer_bound_violations": 0,
  "random_selection_fraction_at_zero_mutation": 0.025,
  "structured_selection_fraction_at_zero_mutation": 1.0,
  "best_structured_selection_fraction_at_zero_mutation": 1.0,
  "mean_selected_interface_mi_norm": 0.8804081117948271,
  "mean_unselected_interface_mi_norm": 0.563876099790663,
  "by_ensemble": [
    {
      "rule_ensemble": "block",
      "mutation_rate": 0.0,
      "eq_mode": "joint",
      "n": 40,
      "selection_fraction": 1.0,
      "residual_qcoords": 0.6309297535714574,
      "residual_per_width": 0.6309297535714574,
      "cost_qcoords": 1.3690702464285427,
      "shared_classes": 2.0,
      "edge_density": 0.22222222222222224,
      "interface_mi_norm": 0.831752065714278,
      "interface_copy_accuracy": 1.0,
      "interface_cond_entropy_bits": 0.0
    },
    {
      "rule_ensemble": "block",
      "mutation_rate": 0.02,
      "eq_mode": "joint",
      "n": 40,
      "selection_fraction": 0.725,
      "residual_qcoords": 0.4574240713393066,
      "residual_per_width": 0.4574240713393066,
      "cost_qcoords": 1.5425759286606935,
      "shared_classes": 1.725,
      "edge_density": 0.2777777777777778,
      "interface_mi_norm": 0.8034063377483326,
      "interface_copy_accuracy": 0.9811111111111112,
      "interface_cond_entropy_bits": 0.05948581602694854
    },
    {
      "rule_ensemble": "block",
      "mutation_rate": 0.05,
      "eq_mode": "joint",
      "n": 40,
      "selection_fraction": 0.6,
      "residual_qcoords": 0.37855785214287446,
      "residual_per_width": 0.37855785214287446,
      "cost_qcoords": 1.6214421478571257,
      "shared_classes": 1.6,
      "edge_density": 0.2944444444444444,
      "interface_mi_norm": 0.7678648712239794,
      "interface_copy_accuracy": 0.972037037037037,
      "interface_cond_entropy_bits": 0.09230567939173062
    },
    {
      "rule_ensemble": "block",
      "mutation_rate": 0.1,
      "eq_mode": "joint",
      "n": 40,
      "selection_fraction": 0.25,
      "residual_qcoords": 0.15773243839286435,
      "residual_per_width": 0.15773243839286435,
      "cost_qcoords": 1.8422675616071356,
      "shared_classes": 1.25,
      "edge_density": 0.4222222222222222,
      "interface_mi_norm": 0.7106879806258208,
      "interface_copy_accuracy": 0.937037037037037,
      "interface_cond_entropy_bits": 0.19942715096403735
    },
    {
      "rule_ensemble": "block",
      "mutation_rate": 0.2,
      "eq_mode": "joint",
      "n": 40,
      "selection_fraction": 0.05,
      "residual_qcoords": 0.03154648767857287,
      "residual_per_width": 0.03154648767857287,
      "cost_qcoords": 1.968453512321427,
      "shared_classes": 1.05,
      "edge_density": 0.6194444444444445,
      "interface_mi_norm": 0.5815580193294936,
      "interface_copy_accuracy": 0.8633333333333333,
      "interface_cond_entropy_bits": 0.410318772579288
    },
    {
      "rule_ensemble": "canalizing",
      "mutation_rate": 0.0,
      "eq_mode": "joint",
      "n": 40,
      "selection_fraction": 1.0,
      "residual_qcoords": 0.6309297535714574,
      "residual_per_width": 0.6309297535714574,
      "cost_qcoords": 1.3690702464285427,
      "shared_classes": 2.0,
      "edge_density": 0.22222222222222224,
      "interface_mi_norm": 0.831752065714278,
      "interface_copy_accuracy": 1.0,
      "interface_cond_entropy_bits": 0.0
    },
    {
      "rule_ensemble": "canalizing",
      "mutation_rate": 0.02,
      "eq_mode": "joint",
      "n": 40,
      "selection_fraction": 0.75,
      "residual_qcoords": 0.47319731517859304,
      "residual_per_width": 0.47319731517859304,
      "cost_qcoords": 1.5268026848214071,
      "shared_classes": 1.75,
      "edge_density": 0.2638888888888889,
      "interface_mi_norm": 0.8053860664695328,
      "interface_copy_accuracy": 0.9866666666666667,
      "interface_cond_entropy_bits": 0.04183891785476185
    },
    {
      "rule_ensemble": "canalizing",
      "mutation_rate": 0.05,
      "eq_mode": "joint",
      "n": 40,
      "selection_fraction": 0.4,
      "residual_qcoords": 0.25237190142858296,
      "residual_per_width": 0.25237190142858296,
      "cost_qcoords": 1.747628098571417,
      "shared_classes": 1.4,
      "edge_density": 0.3583333333333333,
      "interface_mi_norm": 0.7536445630299863,
      "interface_copy_accuracy": 0.9581481481481481,
      "interface_cond_entropy_bits": 0.1338349994542612
    },
    {
      "rule_ensemble": "canalizing",
      "mutation_rate": 0.1,
      "eq_mode": "joint",
      "n": 40,
      "selection_fraction": 0.2,
      "residual_qcoords": 0.12618595071429148,
      "residual_per_width": 0.12618595071429148,
      "cost_qcoords": 1.8738140492857085,
      "shared_classes": 1.2,
      "edge_density": 0.49722222222222223,
      "interface_mi_norm": 0.6940871877716612,
      "interface_copy_accuracy": 0.9192592592592593,
      "interface_cond_entropy_bits": 0.24791611114070072
    },
    {
      "rule_ensemble": "canalizing",
      "mutation_rate": 0.2,
      "eq_mode": "joint",
      "n": 40,
      "selection_fraction": 0.025,
      "residual_qcoords": 0.015773243839286435,
      "residual_per_width": 0.015773243839286435,
      "cost_qcoords": 1.9842267561607136,
      "shared_classes": 1.025,
      "edge_density": 0.6333333333333333,
      "interface_mi_norm": 0.5604007239868899,
      "interface_copy_accuracy": 0.8474074074074073,
      "interface_cond_entropy_bits": 0.4524866386708758
    },
    {
      "rule_ensemble": "copy",
      "mutation_rate": 0.0,
      "eq_mode": "joint",
      "n": 40,
      "selection_fraction": 1.0,
      "residual_qcoords": 1.0,
      "residual_per_width": 1.0,
      "cost_qcoords": 1.0,
      "shared_classes": 3.0,
      "edge_density": 0.3333333333333333,
      "interface_mi_norm": 1.0,
      "interface_copy_accuracy": 1.0,
      "interface_cond_entropy_bits": 0.0
    },
    {
      "rule_ensemble": "copy",
      "mutation_rate": 0.02,
      "eq_mode": "joint",
      "n": 40,
      "selection_fraction": 0.775,
      "residual_qcoords": 0.6458254137500101,
      "residual_per_width": 0.6458254137500101,
      "cost_qcoords": 1.3541745862499899,
      "shared_classes": 2.2,
      "edge_density": 0.41388888888888886,
      "interface_mi_norm": 0.947675751769664,
      "interface_copy_accuracy": 0.9798148148148147,
      "interface_cond_entropy_bits": 0.06495330966092662
    },
    {
      "rule_ensemble": "copy",
      "mutation_rate": 0.05,
      "eq_mode": "joint",
      "n": 40,
      "selection_fraction": 0.75,
      "residual_qcoords": 0.6023719014285829,
      "residual_per_width": 0.6023719014285829,
      "cost_qcoords": 1.3976280985714171,
      "shared_classes": 2.1,
      "edge_density": 0.44722222222222224,
      "interface_mi_norm": 0.9239636767321289,
      "interface_copy_accuracy": 0.9690740740740742,
      "interface_cond_entropy_bits": 0.0980307448261569
    },
    {
      "rule_ensemble": "copy",
      "mutation_rate": 0.1,
      "eq_mode": "joint",
      "n": 40,
      "selection_fraction": 0.25,
      "residual_qcoords": 0.1761859507142915,
      "residual_per_width": 0.1761859507142915,
      "cost_qcoords": 1.8238140492857084,
      "shared_classes": 1.3,
      "edge_density": 0.575,
      "interface_mi_norm": 0.807914940922893,
      "interface_copy_accuracy": 0.918148148148148,
      "interface_cond_entropy_bits": 0.2497919931395119
    },
    {
      "rule_ensemble": "copy",
      "mutation_rate": 0.2,
      "eq_mode": "joint",
      "n": 40,
      "selection_fraction": 0.025,
      "residual_qcoords": 0.015773243839286435,
      "residual_per_width": 0.015773243839286435,