{
  "verdict": "EFFECTIVE Z2 AREA-LAW: plaquette fluxes give Wilson loops governed by enclosed area",
  "n_rows": 100,
  "mode": "empirical_plaquette",
  "p": 0.8476690741956664,
  "mean_flux": -0.6953381483913328,
  "expected_area_alpha": 0.36335700729375553,
  "expected_perimeter_beta": 0.36335700729375553,
  "mean_abs_W": 0.15465498698638622,
  "area_fit": {
    "slope": -0.21020815641846335,
    "intercept": -0.8547147671403169,
    "rss": 5.711376750044763,
    "aic": -10.483851416078565,
    "r2": 0.843250781105902,
    "n": 15
  },
  "perimeter_fit": {
    "slope": -0.340238991171886,
    "intercept": 1.2662103336833241,
    "rss": 4.022876966830972,
    "aic": -15.740793365681299,
    "r2": 0.8895918007417615,
    "n": 15
  },
  "area_alpha": 0.21020815641846335,
  "perimeter_beta": 0.340238991171886,
  "aic_gap_perimeter_minus_area": -5.256941949602734,
  "area_model_rmse": 0.0032689622112270643,
  "perimeter_model_rmse": 0.29157382483902616,
  "flux_info": {
    "csv_path": "example_results/blind_shared_square_q4_w1.csv",
    "group_filter": "C2",
    "n_rows_total": 9920,
    "n_rows_after_filter": 1523,
    "n_identity": 232,
    "n_nontrivial": 1291,
    "n_used": 1523,
    "p_nontrivial": 0.8476690741956664,
    "mean_flux": -0.6953381483913328,
    "delta_type_counts": {
      "cycle_2": 1291,
      "identity": 232
    }
  },
  "by_area": {
    "1": -0.696300625,
    "2": 0.4847524891774892,
    "3": -0.33664791666666666,
    "4": 0.23537769535178624,
    "5": -0.16240416666666666,
    "6": 0.1121444264069264,
    "8": 0.05050620490620491,
    "9": -0.03430326388888889,
    "10": 0.026346933621933622,
    "12": 0.01028015873015873,
    "15": -0.011625,
    "16": 0.0073176014109347445,
    "20": -0.0004460317460317463,
    "25": -0.006157986111111111
  },
  "by_area_abs": {
    "1": 0.696300625,
    "2": 0.4847524891774892,
    "3": 0.33664791666666666,
    "4": 0.23537769535178624,
    "5": 0.16240416666666666,
    "6": 0.1121444264069264,
    "8": 0.05050620490620491,
    "9": 0.03430326388888889,
    "10": 0.02714693362193362,
    "12": 0.013363492063492063,
    "15": 0.011625,
    "16": 0.0073176014109347445,
    "20": 0.008037301587301588,
    "25": 0.009064236111111111
  }
}