{
  "verdict": "PERIMETER-LAW CONTROL: link noise gives Wilson loops governed by boundary length",
  "n_rows": 48,
  "mode": "iid_link",
  "p": 0.15,
  "mean_flux": 0.7,
  "expected_area_alpha": 0.35667494393873245,
  "expected_perimeter_beta": 0.35667494393873245,
  "mean_abs_W": 0.054350399121840094,
  "area_fit": {
    "slope": -0.1844064782574874,
    "intercept": -2.177414059550711,
    "rss": 3.9757439663198917,
    "aic": -5.223732010619111,
    "r2": 0.6362513099992058,
    "n": 10
  },
  "perimeter_fit": {
    "slope": -0.27373814579504574,
    "intercept": -0.6386747102739204,
    "rss": 1.9380109868935498,
    "aic": -12.409229103498227,
    "r2": 0.8226875363047575,
    "n": 10
  },
  "area_alpha": 0.1844064782574874,
  "perimeter_beta": 0.27373814579504574,
  "aic_gap_perimeter_minus_area": -7.185497092879116,
  "area_model_rmse": 0.22556910051829396,
  "perimeter_model_rmse": 0.005165365908425066,
  "flux_info": {},
  "by_area": {
    "1": 0.24369768518518517,
    "2": 0.11943320105820106,
    "3": 0.0655,
    "4": 0.042673560370650315,
    "6": 0.02868187830687831,
    "8": 0.0035079365079365085,
    "9": 0.010046296296296296,
    "12": 0.011361111111111112,
    "16": 0.00465124716553288
  },
  "by_area_abs": {
    "1": 0.24369768518518517,
    "2": 0.11943320105820106,
    "3": 0.0655,
    "4": 0.042673560370650315,
    "6": 0.02868187830687831,
    "8": 0.009507936507936509,
    "9": 0.010046296296296296,
    "12": 0.012916666666666667,
    "16": 0.01576235827664399
  }
}